,70<=BG<=180,BG>180,BG<70,BG>250,BG<50,LBGI,HBGI,Risk Index
adult#001,97.0893970893971,2.9106029106029108,0.0,0.0,0.0,0.0020102911846879884,2.669635328325636,2.6716456195103238
